Model,MAE,MSE,RMSE
Seasonal Naive,2939275.6173189436,14115213485927.365,3757021.890530765
SARIMA,1439148.5764000614,2924281670120.208,1710053.1190931492
